{"test_accuracy": 0.5313027533616625, "lstm_weight": 0.43, "vgg16_weight": 0.5700000000000001}